{
  "materials": {
    "14___default": { "Kd": [64, 64, 202] }  },
  "decodeParams": {
    "decodeOffsets": [-3541,147,-1893,0,0,-511,-511,-511],
    "decodeScales": [0.010754,0.010754,0.010754,0.000978,0.000978,0.001957,0.001957,0.001957]
  },
"urls": {
    "4b19de97.female_circulatory_veins.utf8": [
      { "material": "14___default",
        "attribRange": [0, 9065],
        "indexRange": [72520, 15569],
        "bboxes": 119227,
        "names": ["default"],
        "lengths": [46707]
      }
    ]
  }
}